{"cameraMode":{"drawMode":0,"name":"Shaded","section":"Shading Mode"},"sceneLighting":true,"audioPlay":false,"sceneViewState":{"m_AlwaysRefresh":false,"showFog":true,"showSkybox":true,"showFlares":true,"showImageEffects":true,"showParticleSystems":true,"showVisualEffectGraphs":true,"m_FxEnabled":true},"in2DMode":false,"pivot":{"x":15.025376319885254,"y":-1.4216322898864747,"z":1.4522192478179932},"rotation":{"x":0.17424385249614716,"y":0.4806366264820099,"z":-0.09808547049760819,"w":0.8538205027580261},"size":26.195905685424806,"orthographic":false}